shipName,shipType,nationality,company
Blanche,5th Rate,British,RN
Winchelsea,5th Rate,British,RN
Anthony,,Dutch,
Kenau Hasselaar,,Dutch,
Cuffnells,,British,EIC
Algiers,Fregat,Dutch,
LA INFANTA,PAQUEBOTE,Spanish,
Tenerife,Paquebot,Spanish,
Menado,,Dutch,
Triton,6th rate,Dutch,MAR
Vliegende Visch,Schoener,Dutch,MAR
Vigilant,Ship o.t. Line,British,RN
Schagen,,Dutch,VOC
Senegal,Sloop,British,RN
Hector,,British,EIC
Hector,,British,RN
Zwaluw,Brik,Dutch,ADM
Haarlemmerhout,,Dutch,ADM
EL F_NIX,NAVO,Spanish,
Spaarzaamheid,,Dutch,
Middelburgs Welvaren,,Dutch,MCC
Acasta,5th rate,British,RN
Le Rhinoceros,,French,
Hannibal,6th Rate,British,RN
Proserpine,6th rate,British,RN
Tryal,Sloop,British,RN
Nieuw Lekkerland,,Dutch,MER
La Dedaigneuse,,French,
Torrington,,British,RN
Waterloo,Linieschip,Dutch,MAR
Harrier,,British,RN
Essex,,British,RN
Surseance,,Dutch,VOC
Phoenix,,Dutch,MER
SANTISIMO SACRAMENTO,FRAGATA,Spanish,
SANTA BALVINA,FRAGATA,Spanish,
Jerusalem,,Dutch,VOC
SAN GIL,PAQUEBOTE,Spanish,
Scholtenburg,,Dutch,VOC
Mermaid,6th Rate,British,RN
Rembrandt van Rhijn,,Dutch,
Warren,,British,EIC
Caton,3rd Rate,British,RN
Na Sa DEL CARMEN,BERGANTN,Spanish,
Mercurius,,Dutch,MER
Hannach,Brik,American,
Charon,5th rate,British,RN
Gouverneur Generaal De Klerk,,Dutch,VOC
Wolf,,Dutch,MAR
Jan Daniel,,Dutch,
Coldstream,,British,EIC
MARTE,PAQUEBOTE,Spanish,
Saldanha,,British,RN
Dolfijn,Korvet,Dutch,ADM
Ystroom,,Dutch,VOC Z
Revolutie,,Dutch,
Huzaar,Schoenerbrik,Dutch,
Le Valeur,Fregate,French,
LA VENUS,PAQUEBOTE,Spanish,
Batavia,,Dutch,
Loopuijt,Bark,Dutch,
La Elourdie,,French,
Admiral Pocock,,British,EIC
Bridgewater,,British,EIC
La Cassares,Brick,French,
Brutus,,Dutch,MAR
Eendracht,Korvet,Dutch,ADM
Scourge,Sloop,British,RN
Saparoea,Schoener,Dutch,MAR
Prince Ernest,packet ship,British,
Vliegende Faam,,Dutch,MCC
Namur,2nd Rate,British,RN
Friedrich,,Dutch,WHA
Luciparas,,Dutch,
Amstel,,Dutch,Marine
Vlieg,Brik,Dutch,ADM
Wilhelmina,,Dutch,
Eensgezindheid,,Dutch,ADM
Admiraal de Ruyter,,Dutch,VOC
Ternate,,Dutch,
Van Speyk,Korvet,Dutch,MAR
Vrouwe Maria,Vrachtschip,Dutch,MER
Greenwich,4th Rate,British,RN
Centurian,4th Rate,British,RN
Haay,Brik,Dutch,
Thetis,5th Rate,British,RN
Pallas,5th Rate,Dutch,
ANDALUZ,CHAMBEQUN,Spanish,
Prins Veldmaarschalk,,Dutch,
Christina,,Dutch,MER
Vlijt,Paketboot,Dutch,VOC
De Ruijter,Linieschip,Dutch,ADM
DESCONOCIDO-14,,Spanish,
LA PERLA,FRAGATA,Spanish,
Diana,5th rate,British,RN
LAmbition,,French,
Schorpioen,Schoener,Dutch,
Defence,3rd rate ,British,RN
Swallow,Sloop,British,RN
Zeemercuur,,Dutch,MCC
Queenborough,6th Rate,British,RN
Bellona,,Dutch,ADM
Alborough,6th Rate,British,RN
Maasnimph,Bargentijn,Dutch,ADM
Lowestoffe,6th Rate,British,RN
Pollux,,Dutch,MER
Prince Henry,,British,RN
Adamant,4th rate,British,RN
Tromp,,Dutch,ADM
Neptune,2nd rate,British,RN
Lynx,Korvet,British,RN
Diomede,4th rate,British,RN
Dortenaar,Fregat,Dutch,Particulier
EL RELMPAGO,BERGANTN,Spanish,
Somerset,,British,RN
SAN PABLO (ALIAS LA FAVORITA),FRAGATA,Spanish,
Witte Cornelisz de Wit,,Dutch,
Worcester,,British,EIC
Somerset,,British,EIC
Pelham,,British,RN
Landskroon,,Dutch,VOC
Beaver,Sloop,British,RN
SANTO DOMINGO,BUQUE,Spanish,
Endeavour,Bark,British,RN
Raymond,,British,EIC
Koerier,,Dutch,ADM
Walvisch,,Dutch,
Oost-Indi Packet,,Dutch,
Castle Huntley,,British,EIC
Castle Huntley,,British,RN
Maria Magdalena,FRAGATA,Spanish,
Hippomenes,Korvet,Dutch,
Falkland,4th Rate,British,RN
DESCONOCIDO-15,PAQUEBOTE,Spanish,
El Quiros,Fragata correo,Spanish,
Burford,3rd Rate,British,RN
Lord Anson,,British,EIC
Akerendam,,Dutch,VOC
Unknown-05,,Dutch,
DRAGN,NAVO,Spanish,
Zaan,Fregat,Dutch,Marine
Dregterlandt,,Dutch,VOC
Kortenaer,,Dutch,
SAN ANTONIO,NAVIO,Spanish,
Argo,5th rate,British,RN
SANTA ANA,NAVO,Spanish,
Seine,5th Rate,British,RN
Newcastle,,British,RN
Middelburg,,Dutch,ADM
Maria,,Dutch,
Le Chariot Royal,,French,
Mercury,,British,RN
Echo,Brik,Dutch,MAR
Majestic,3rd rate,British,RN
SANTA TERESA DE JES_S,NAVO,Spanish,
Trusty,4th rate,British,RN
Europa,,Dutch,MER
Straat Bali,,Dutch,
Die Gebruder,,Hamburg,
Hind,6th Rate,British,RN
Earl Talbot,,British,EIC
Merwede,,Dutch,
Argo,5th rate,Dutch,Marine
La Durance,,French,
Gouverneur Elsevier,,Dutch,
EL SEPTENTRIN,BERGANTN,Spanish,
Sloterdijk,,Dutch,VOC
SAN PASCUAL,NAVO,Spanish,
SANTA EULALIA,PAQUEBOTE,Spanish,
La Flore,,French,
PURISIMA CONCEPCIN,DESCONOCIDO,Spanish,
Mediator,5th Rate,British,RN
Hoop,,Dutch,WHA
Admiraal Evertsen,,Dutch,ADM
Penzance,5th Rate,British,RN
EL MONARCA,NAVO,Spanish,
Abel Tasman,,Dutch,
Cornelia,Bark,Dutch,
Amphitrite,,British,RN
Piet Heijn,Fregat,Dutch,MAR
SANTIAGO,PAQUEBOTE,Spanish,
Sybille,5th rate,British,RN
La Lourde,,French,
Curacao,Steamer,Dutch,ADM
Neerlands Koning,,Dutch,
Arend,,Dutch,MER
Gedeh,Stoomschip,Dutch,MAR
Rotterdams Welvaren,,Dutch,"A. Hoboken, Rotterdam"
Wilhelmina Lucia,,Dutch,MER
Amsterdam,,Dutch,MER
ASUNCIN,FRAGATA,Spanish,
Atalante,Brik,Dutch,
Argo,5th rate,Dutch,MAR
Aolus,5th Rate,British,RN
Admiraal Jan Evertsen,,Dutch,
Le Danube,,French,
Sirene,,Dutch,MAR
Alligator,6th rate,British,RN
Glasgow,,British,RN
Macqueen,,British,EIC
Lynx,Korvet,Dutch,Marine
Attelante,Brik,Dutch,Thomas Brouw en Zn.
LAimable,5th rate,British,RN
Conqueror,3rd rate,British,RN
Cadmus,,Dutch,
Irene,Brik,Dutch,
Montague,3rd Rate,British,RN
La Loir,,French,
Saphire,,British,RN
La Poulette,Corvette,French,
Rotterdam,,Dutch,ADM
York,,British,EIC
Renown,,British,RN
Ajax,Korvet,Dutch,ADM
PODEROSO,FRAGATA,Spanish,
Augusta,,British,EIC
Seaford,6th Rate,British,RN
EUROPA,NAVIO,Spanish,
FENIX,NAVO,Spanish,
Euridice,,Dutch,ADM
Scarborough,6th Rate,British,RN
Crescent,5th rate,British,RN
Diana,5th rate,Dutch,Marine
Philadelphia,,Dutch,MCC
Dageraad,Fregat,Dutch,Marine
DESCONOCIDO-16,FRAGATA,Spanish,
Alkemade,,Dutch,VOC
EL REY,PAQUEBOTE,Spanish,
Venus,Brik,Dutch,MAR
Panter,Brik,Dutch,MAR
Colchester,,British,RN
Colchester,,British,EIC
Triton,6th rate,British,RN
Nehalennia,Fregat,Dutch,MAR
Na Sa DE ARANZAZU,FRAGATA,Spanish,
Sambre,Fregat,Dutch,Marine
Westerveld,,Dutch,VOC
La Perle,,French,
"Na Sa DEL ROSARIO, (LA PAZ)",FRAGATA,Spanish,
Cornelia Sara,,Dutch,
Aurora,,Dutch,
AUDAZ,BERGANTN,Spanish,
Maria Reigersbergen,Fregat,Dutch,Marine
Le Rh_ne,Gabarre,French,
DESCONOCIDO-06,PAQUEBOTE,Spanish,
La Graciense,Fregate,French,
Bato,,Dutch,MAR
Valk,Brik,Dutch,MAR
Pecering,Brik,Dutch,
Diana,5th rate,Dutch,MAR
No. 12,Paquebot,French,
Oud Nederland,Fregat,Dutch,
Eliza Susanna,,Dutch,
Nederlands Welvaren,,Dutch,VOC
Travers,,British,EIC
Le Etoile,,French,
Fowey,6th Rate,British,RN
La Tourterelle,,French,
Severn,,British,RN
SAN VICENTE,NAVO,Spanish,
SANTA GERTRUDIS,FRAGATA,Spanish,
Princes Louisa,Oorlogsschip,Dutch,ADM
INFANTE,PAQUEBOTE,Spanish,
Venus,Brik,Dutch,Marine
Utrecht,Fregat,Dutch,ADM
Africa,,Dutch,VOC
Vlietlust,,Dutch,
Vergenoegen,Fregat,Dutch,MER
Warren Hastings,,British,EIC
Tremendous,,British,RN
Nehalennia,Fregat,Dutch,Marine
Hester,merchant brig,British,RN
Sambre,Fregat,Dutch,MAR
LA ATREVIDA,CORVETA,Spanish,
Jonge Lieve,,Dutch,VOC
Margaretha Simonette,,Dutch,
MARQUESA DE BALVUENA,FRAGATA,Spanish,
Swift,sloop,British,RN
Pegasus,Brik,Dutch,MAR
HERCULES,NAVO,Spanish,
Diligencia,,Spanish,
Prins Frederik,,Dutch,
Jacob Roggeveen,,Dutch,
Le Rossignol,,French,
Unknown-01,,Dutch,Marine
Unknown-10,,Dutch,
Elise,Fregat,Dutch,ADM
Perseus,6th Rate,British,RN
Zwaluw,Brik,Dutch,MAR
La Mnagre,,French,
Bos en Hoven,,Dutch,VOC
Marij-Goddard,Schoener,Dutch,
Geertuijda en Christina,Fregat,Dutch,MCC
Atlas,,British,EIC
EFIGENIA,FRAGATA,Spanish,
Sumatra-Java,Fregat,Dutch,MAR
Le Salomon,,French,
Merlin,Sloop,British,RN
Griffin,,British,RN
Europa,,Dutch,
Griffin,,British,EIC
Schiedam,,Dutch,
Antelope,4th Rate,British,RN
Bulldog,Sloop,British,RN
El Tucuman,Fragata correo,Spanish,
Banka,Schoenerbrik,Dutch,
SANTA BIBIANA,FRAGATA,Spanish,
EL GALLARDO,NAVO,Spanish,
VENUS,FRAGATA,Spanish,
SANTA ELENA,FRAGATA,Spanish,
Albrecht Beijling,,Dutch,
Swan,sloop,British,RN
China,,Dutch,
Fanny,,Dutch,
DESCONOCIDO-05,PAQUEBOTE,Spanish,
Wassenaar,,Dutch,ADM
La Belle Poule,,French,
L Esperance,,French,ADM
Egmond,,Dutch,ADM
Aruba,Schoener,Dutch,
LExperiment,,French,
Na Sa DE LA PIEDAD,PAQUEBOTE,Spanish,
Georgina,,British,EIC
Ferret,Brig,British,RN
Etna,Stoomschip,Dutch,
Propatria,,Dutch,WHA
Dolfijn,Korvet,Dutch,MAR
LA LORETO,FRAGATA,Spanish,
Le Bizarre,,French,
Ludlow Castle,6th Rate,British,RN
Marlborough,,British,EIC
Rippon,4th Rate,British,RN
General Coote,,British,EIC
Tweed,5th rate,British,RN
Snoek en Both,Fregat,Dutch,WIC
Javaan,,Dutch,
Vulture,Sloop,British,RN
Hornet,sloop,British,RN
Amsterdam,,Dutch,
SANTA BRBARA,FRAGATA,Spanish,
Azia,,Dutch,
Sphynx,6th rate  ,British,RN
Eensgezindheid,,Dutch,MAR
El Rey,Fragata correo,Spanish,
Rendier,O.I. Schip,Dutch,MER
Kemphaan,,Dutch,
Guadaloupe,6th Rate,British,RN
Sara Johanna,,Dutch,
Veere,,Dutch,VOC
Jason,,Dutch,
Kingfisher,Sloop,British,RN
Intrepid,3rd rate,British,RN
Sandwich,,British,EIC
Seahorse,,British,RN
Tempel,,Dutch,VOC
RESOLUCION Y AVENTURA,NAVIO,Spanish,
Vliegende Faam,,Dutch,WIC
Otter,Sloop,British,RN
Tromp,,Dutch,MAR
Eliza,,British,Merchant Navy
Verwachting,Chialoup,Dutch,VOC
Fox,5th rate,British,RN
Janus,5th Rate,British,RN
Lascelles,,British,EIC
Bellona,,Dutch,MAR
Maria Elisabeth,,Dutch,
TERRIBLE,NAVO,Spanish,
Lord Walsingham,,British,EIC
Garland,,British,RN
Decade,5th Rate,British,RN
Lizard,6th Rate,British,RN
Freden,,Swedish,Swedish East India Company
SAN JULIAN,NAVO,Spanish,
Enterprise,6th rate,British,RN
Windhond,Brigantijn,Dutch,ADM
ATREVIDA Y DESCUBIERTA,CORBETAS,Spanish,
EL DESPACHO,PAQUEBOTE,Spanish,
Buckingham,3rd Rate,British,RN
Zaan,Fregat,Dutch,ADM
Vreedenburg,,Dutch,VOC
Frankendaal,,Dutch,WHA
La Coulisse,,French,
Princess Augusta,,British,EIC
SAN JOSEF,NAVO,Spanish,
Le Saumon,Gabarre,French,
Royal George,,British,EIC
Standvastigheid,,Dutch,MCC
Koerier,,Dutch,MAR
Elephant,3rd rate,British,RN
Unie,,Dutch,VOC
Bellona,,Dutch,Marine
Greyhound,,British,RN
Jan en Cornelis,Koopvaarder,Dutch,
Vanguard,3rd rate,British,RN
Dromedary,Storeship,British,RN
Chesterfield,5th Rate,British,RN
Maas Nijmph,,Dutch,
La Pomone,,French,
Surprise,,British,RN
Plancius,,Dutch,
Prince George,,British,EIC
Amphitrite,,Dutch,ADM
SAN ISIDORO,NAVO,Spanish,
SEPTENTRIN,NAVO,Spanish,
Van Oldenbarneveld,,Dutch,MER
Borssele,,Dutch,VOC
Mercator,Bark,Dutch,
Carysfort,6th rate,British,RN
Vasco de Gama,,Dutch,Particulier
La Seine,,French,
NaSa DEL ROSARIO (LA NUMANCIA),FRAGATA,Spanish,
Soolo,,Dutch,
Boyne,2nd rate,British,RN
SANTA MARIA MAGDALENA,FRAGATA,Spanish,
MIO,NAVO,Spanish,
Albatross,Brig,British,RN
Komeet,Korvet,Dutch,
Formosa,,Dutch,
Marquis of Lansdowne,,British,EIC
Amicitia,,Dutch,
Catharina Johanna,,Dutch,
Diadem,3rd Rate,British,RN
Agatha,,Dutch,WHA
La Boussole,,French,
Nieuw Lekkerland,,Dutch,
Theodora en Sara,,Dutch,
Morning Star,4th Rate,British,RN
Catharina,,Dutch,
Christiaan Huijgens,,Dutch,
Ternate,,Dutch,"H. v. Rijckevorsel, Rotterdam"
Alarm,5th rate,British,RN
Cumberland,,British,RN
Dreadnought,3rd Rate,British,RN
Active,5th rate,British,RN
Cumberland,,British,EIC
Crocodile,6th Rate,British,RN
Echo,Brik,Dutch,ADM
Snoek,,Dutch,ADM
Earl of Mansfield,,British,EIC
Doctrina et Amicitia,,Dutch,
Phoenix,,Dutch,
Trident,3rd rate,British,RN
La Desire,,French,
Curacao,Steamer,Dutch,Marine
SANTA ROSALA,FRAGATA,Spanish,
Susanna,,Dutch,
Anthony,,Dutch,MER
EL HOPP,BERGANTN,Spanish,
Rotterdam,,Dutch,Marine
San Fernando,Paquebot,Spanish,
Cyrene,6th Rate,British,RN
La Fortune,,French,
Bellona,,British,EIC
San Pedro y San Pablo,Fragata Correo,Spanish,
La Favorite,,French,
Le Aigle,,French,
Na Sa DEL ROSARIO,FRAGATA,Spanish,
Badger,Snow,British,RN
Hendrika,,Dutch,
Windham,,British,EIC
Caroline,,British,RN
Argo,5th rate,Dutch,ADM
No. 8,Paquebot,French,
Havick,Fregat,Dutch,
Montreal,5th Rate,British,RN
Le Parham,,French,
Clive,,British,EIC
Rainbow,5th Rate,British,RN
Suriname,,Dutch,MAR
Curacao,Steamer,Dutch,MAR
Speedwell,,British,RN
Maarseveen,,Dutch,VOC
Imperieuse,5th Rate,British,RN
Queen Charlotte,,British,
Blonde,5th Rate,British,RN
Ajax,Korvet,Dutch,MAR
Stavenisse,,Dutch,VOC
Sirene,,Dutch,ADM
Resolution,3rd Rate,British,RN
Repulse,,British,EIC
Prins Willem V,,Dutch,MCC
Java Koerier,,Dutch,
Batavia,,Dutch,MER
Pocock,,British,EIC
Laimable Marie Anne,,French,
Amazone,Fregat,Dutch,ADM
Vansittart,,British,EIC
El Grimaldi,Paquebot,Spanish,
Florida,storeship,British,RN
Sheerness,,British,RN
SANTA MARGARITA,FRAGATA,Spanish,
Medway,4th Rate,British,RN
La Diane,,French,
Dolphijn,,Dutch,ADM
Euridice,,Dutch,MAR
MERCURIO,CORBETA,Spanish,
Scorpion,sloop,British,RN
Anna,,Dutch,
Prins Frederik Hendrik,,Dutch,MAR
Vrouw Maria Cornelia,,Dutch,VOC
St Vincent,packet ship,British,
Admiral Vernon,,British,EIC
Dunira,,British,EIC
Nisus,,British,RN
Tigris,,British,EIC
La Petite Fortune,,French,
Martin,Sloop,British,RN
Welmeenende,Snauw,Dutch,MCC
EL GRIMALDI,PAQUEBOTE,Spanish,
Romney,4th rate,British,RN
EL TUCUMAN,PAQUEBOTE,Spanish,
Serpent,Schoener,Dutch,MAR
Perseverence,,British,EIC
Doddington,,British,EIC
Stork,Sloop,British,RN
La Dana,,French,
Spy,Cutter,British,RN
Boston,5th Rate,British,RN
Belmont,,British,EIC
Zeepaard,Fregat,Dutch,ADM
Thetis,5th Rate,Dutch,ADM
La Lamproie,,French,
Deal Castle,6th Rate,British,RN
Valk,Brik,Dutch,ADM
Rose,,British,EIC
Le Desir,,French,
Falmouth,4th Rate,British,RN
Rose,,British,RN
Maria Reigersbergen,Fregat,Dutch,ADM
Stirling Castle,3rd rate,British,RN
Welgeleegen,,Dutch,VOC
Zephyr,Oorlogssnauw,Dutch,ADM
Wassenaar,,Dutch,Admiraliteit
Rotterdams Welvaren,,Dutch,
DESCONOCIDO-29,NAVO,Spanish,
Unknown-04,,Dutch,
EL KAULIKAN,PAQUEBOTE,Spanish,
Spion,,Dutch,MAR
Saltash,,British,RN
DESCONOCIDO-24,DESCONOCIDO,Spanish,
Alderney,Sloop,British,RN
Egmont,3rd Rate,British,RN
Hippomenes,Korvet,Dutch,MER
El Patagon,Paquebot,Spanish,
VIVIANA,FRAGATA,Spanish,
Eltham,,British,RN
Rupel,Fregat,Dutch,MAR
Schiedam,,Dutch,WHA
Palembang,Fregat,Dutch,Marine
Standard,,British,RN
Leocadia,5th rate,British,RN
Grampus,4th Rate,British,RN
EL COLON 2?,Fragata correo,Spanish,
Grenadier,,Dutch,MCC
LEtoile,Flute,French,
Rhoon en Pendrecht,,Dutch,MER
Haast U Langzaam,Fregat,Dutch,MCC
Prins Frederik,,Dutch,MAR
Isis,4th rate,British,RN
Hunter,Sloop,British,RN
Arethusa,5th Rate,British,RN
Kroonprincesse Maria,,Danish,OIC
s-Gravenhage,,Dutch,MER
EL GRAN PODER DE DIOS,BALANDRA,Spanish,
Mars,,Dutch,ADM
La Fleur de Lys,,French,
Drie Gesusters,,Dutch,MCC
Kennington,6th Rate,British,RN
Dragon,,British,EIC
No. 3,Paquebot,French,
Pallas,5th Rate,British,RN
LA ASTREA,FRAGATA,Spanish,
Conway,6th rate,British,RN
Mentor,,Dutch,VOC-Z
Stad Utrecht,,Dutch,
Favourite,sloop,British,RN
Belleisle,3rd Rate,British,RN
Pollux,,Dutch,ADM
Nassau-Weilburgh,,Dutch,ADM
Palembang,Fregat,Dutch,MAR
St Maartensdijk,,Dutch,ADM
Hampshire,,British,RN
Heldin,Korvet,Dutch,MAR
SAN PEDRO,NAVO,Spanish,
SANTA PERPETUA,FRAGATA,Spanish,
Crown,,British,RN
Kemphaan,,Dutch,Adm
Humber,,British,RN
Pluto,,British,RN
EL GALLEGO,BERGANTIN,Spanish,
Seahorse,,British,Hudson Bay company
Culloden,3rd rate,British,RN
Unknown-06,,Dutch,
BUEN CONSEJO,NAVIO,Spanish,
Joan de Witt,,Dutch,MAR
SAN JAIME (EL VALENCIANO),BERGANTN,Spanish,
Wilhelmina en Maria,Fregatschip,Dutch,MER
Snelheid,,Dutch,ADM
Le Amphitrite,,French,
Mercurius,,Dutch,MCC
Panter,Brik,Dutch,
Boreas,6th Rate,Dutch,MAR
Na Sa DEL CARMEN (EL GRIEGO),PAQUEBOTE,Spanish,
SAN JUAN BAUTISTA,POLACRA,Spanish,
Polanen,,Dutch,ADM
DESCONOCIDO-27 (RAYO),NAVO,Spanish,
Castor,Fregat,Dutch,MAR
Amphitrite,,French,
Irene,Brik,Dutch,MAR
Success,6th Rate,British,RN
Braave,Fregat,Dutch,MAR
EL FAMOSO SEVILLANO,PAQUEBOTE,Spanish,
Havick,Fregat,Dutch,ADM
Niger,5th Rate,British,RN
EL CUERVO,PAQUEBOTE,Spanish,
Naiade,6th Rate,British,RN
Unknown-07,,Dutch,
Olivier van Noord,,Dutch,
La Cantabria,Fragata correo,Spanish,
Portland,4th Rate,British,RN
Unknown-08,,Dutch,
Stad Zierikzee,,Dutch,
Syren,,British,RN
Drie Vrienden,,Dutch,MER
Claudius Civilis,,Dutch,
Nieuwe Hoop,Snauw,Dutch,MCC
Lark,,British,RN
Argo,5th rate,Dutch,
Unknown-12,,Dutch,
Infanta,Fragata correo,Spanish,
Gosport,5th Rate,British,RN
Princes Carolina,,Dutch,ADM
Expedition,5th rate,British,RN
SANTA MARA DE LA CAVEZA,DESCONOCIDO,Spanish,
Juno,Fregat,Dutch,ADM
Castor,Fregat,Dutch,Marine
Shoreham,6th Rate,British,RN
Rattlesnake,Sloop,British,RN
Iphigenia,5th Rate,British,RN
Le Barbeau,,French,
Onverwagt,Whaler,Dutch,WHA
Cruizer,Sloop,British,RN
Broederslust,Hoekerschip,Dutch,VOC
Gier,Brik,Dutch,MAR
Echo,Brik,Dutch,
Delphina,,Dutch,
Spaarzaamheid,,Dutch,VOC
Lhipocrite,Corvette,French,
SAN JUSTO,NAVO,Spanish,
G_tha Leijon,,Swedish,Swedish East India Company
LA DESCUBIERTA,CORBETA,Spanish,
Camel,storeship,British,RN
Assistance,4th Rate,British,RN
Ceres,,British,EIC
Britannia,,British,EIC
Assurance,5th Rate,British,RN
Euryalus,5th Rate,British,RN
Ilchester,,British,EIC
Fairy,6th rate,British,RN
DESCONOCIDO-17,NAVO,Spanish,
Narcissus,6th Rate,British,RN
Raisonable,3rd rate,British,RN
Twee Cornelissen,,Dutch,
Henriette Clasina,,Dutch,MER
Goede Intentie,Hoekerschip,Dutch,VOC
Buitenzorg,,Dutch,
Proserpina,,Dutch,MAR
Amphitrite,,Dutch,
True Briton,,British,EIC
Inspector,sloop,British,RN
Squirrel,6th Rate,British,RN
Atlanta,Sloop,British,RN
Le Furet,Laviso,French,
Vrouw Maria Geertruida,Brik,Dutch,WIC
DESCONOCIDO-22,NAVO,Spanish,
SANTA LUCIA,FRAGATA,Spanish,
Maas,Fregat,Dutch,Marine
Flores,,Dutch,MAR
Vlietlust,,Dutch,VOC
GALLARDO,NAVO,Spanish,
Ambon,Schoener,Dutch,
EL JUPITER,FRAGATA,Spanish,
Druid,5th Rate,British,RN
Seahorse,,British,Hudson Bay Company
Meermin,,Dutch,ADM
Ceres,,Dutch,MAR
EL ANDALUZ,CHAMBEQUN,Spanish,
SANTA TERESA,PAQUEBOTE,Spanish,
Zaan,Fregat,Dutch,
Baleine,5th Rate,British,RN
Ramilles,3rd rate,British,RN
Sans Parcil,3rd Rate,British,RN
DESCONOCIDO-03,FRAGATA,Spanish,
Earl of Middlesex,,British,EIC
Poulette,6th rate,British,RN
Vrouwe Johanna Catharina,,Dutch,
Lilly,sloop,British,RN
LIEBRE,FRAGATA,Spanish,
Duke of Dorset,,British,EIC
Proteus,Bark,Dutch,
LActif,,French,
Vr. Elisabeth & Anna Catherina,,Dutch,MER
Ganges,3rd rate,British,RN
Tilbury,,British,EIC
SAN JOSE,NAVIO,Spanish,
Diligence,Sloop,British,RN
Jonge Jan,,Dutch,ADM
Maas,Fregat,Dutch,MAR
Minerva,5th rate,British,RN
Calcutta,,British,EIC
EL QUIROS,PAQUEBOTE,Spanish,
Emerald,5th rate,British,RN
MAGALLANES,NAVIO,Spanish,
Jason,,Dutch,ADM
Scipio,Fregat,Dutch,MAR
Reliance,Armed Storeship,British,RN
EL RAYO,NAVO,Spanish,
Hound,Sloop,British,RN
Amsterdam,,Dutch,ADM
Busbridge,,British,EIC
Kemphaan,,Dutch,ADM
Arend,,Dutch,ADM
Amphion,5th rate,British,RN
Nederwaard,,Dutch,
Eolus,,Dutch,
Zeeland,Fregat,Dutch,VOC
SAN DMASO,,Spanish,
Surpize,6th Rate,British,RN
Botland,,Dutch,VOC
Dordregt,Fregat,Dutch,ADM
Vergenoegen,Fregat,Dutch,MCC
Brak,Kotter,Dutch,ADM
Revolutie,,Dutch,MAR
SAN JOSEPH (PODEROSO),NAVO,Spanish,
DESCONOCIDO-13,,Spanish,
Batavia,,Dutch,MAR
Jamaica,,British,RN
Viegelantie,,Dutch,MCC
Sara Lydia,Fregat,Dutch,
Africaensche Galey,,Dutch,MCC
Unknown-02,,Dutch,
DESCONOCIDO-12,DESCONOCIDA,Spanish,
Egmond,,Dutch,
Preston,4th Rate,British,RN
Le Leopard,,French,
George IV,,British,EIC
Cormorant,Sloop,British,RN
Boreas,6th Rate,British,RN
Nymphe,Fregat,British,RN
Amstel,,Dutch,
Chatham,4th Rate,British,RN
LA DIANA,PAQUEBOTE,Spanish,
EL AGUILA,FRAGATA/ CORREO,Spanish,
Schiedam,,Dutch,ADM
SANTO CRISTO DEL CALVARIO,POLACRA,Spanish,
Le Prothe,,French,
Haay,Brik,Dutch,Marine
DESCONOCIDO-20,NAVO,Spanish,
Penelope,5th rate,British,RN
Watergeus,,Dutch,
Walpole,,British,EIC
Straalen,,Dutch,VOC
La Belette,Corvette,French,
Jacobus,,Dutch,
Princes Maria Louisa,,Dutch,ADM
Suffolk,3rd rate,British,RN
Aurora,,British,EIC
Aurora,,British,RN
Panther,4th Rate,British,RN
Algiers,Fregat,Dutch,MAR
Pluto,,Dutch,MAR
DESCONOCIDO-09,PAQUEBOTE,Spanish,
La Nourrice,,French,
Dublin,3rd Rate,British,RN
Unknown-09,,Dutch,
Celebes,Bark,Dutch,
Weazle,Sloop,British,RN
LA MASCANIN y LA CASTRIES,FRAGATA,Spanish,
SANTA CLARA,FRAGATA,Spanish,
Melampus,,Dutch,ADM
Nymphe,Fregat,French,MAR
CORTES,Fragata correo,Spanish,
Margaretha en Maria,,Dutch,
DESCONOCIDO-07,NAVIO,Spanish,
GRANIZO,PAQUEBOTE,Spanish,
Constellation,Brik,American,
Euphrates,,British,EIC
Le Serin,,French,
Le Vaillans,,French,
Prins Frederik,,Dutch,ADM
Rotterdams Welvaren,,Dutch,MAR
La Gironde,,French,
Postillon,Brik,Dutch,MAR
Lactionnaire,,French,
Norwich,5th Rate,British,RN
Prins Van Oranje,Fregat,Dutch,Marine
Jacoba Maurina,Bark,Dutch,
Rupel,Fregat,Dutch,ADM
Walmer Castle,,British,EIC
Spartiate,3rd rate,British,RN
La Terpsicore,,French,
Quebec,5th rate,British,RN
Buitenzorg,,Dutch,MER
DESCONOCIDO-04,NAVIO,Spanish,
Twee Cornelissen,,Dutch,MER
Salisbury,,British,RN
Lisis,,French,
Henriette Clasina,,Dutch,
Salisbury,,British,EIC
Resource,6th rate,British,RN
Staatsraad Baud,,Dutch,
Heureux,6th rate,British,RN
EL MAGALLANES,PAQUEBOTE,Spanish,
Prothee,3rd Rate,British,RN
Warwick,4th Rate,British,RN
La Loire,Gabarre,French,
DESCONOCIDO-25,,Spanish,
Johanna,,Dutch,
Merapi,Steamer,Dutch,
La Pintade,,French,
EL PATAGON,PAQUEBOTE,Spanish,
Prins van Oranje,,Dutch,ADM
Lansier,Schoenerbrik,Dutch,
LOS TRES AMIGOS,BERGANTN,Spanish,
Bromo,Steamer,Dutch,
Panther,4th Rate,Dutch,ADM
Palembang,Fregat,Dutch,ADM
Pollux,,Dutch,MAR
LAquillon,,French,
Heldin,Korvet,Dutch,ADM
Queen Charlotte,,British,Hudson Bay Company
Rattler,Sloop,British,RN
Mercuur,Brik,Dutch,ADM
DESCONOCIDO-10,,Spanish,
Vrede,,Dutch,MAR
La Lamproye,,French,
Eenigheijt,,Dutch,MCC
Noordbeveland,,Dutch,VOC
LA FENIX,GOLETA GUARDA C,Spanish,
Nassau,,Dutch,
Boreas,6th Rate,Dutch,ADM
Melville Castle,,British,EIC
Prince Rupert,,British,Hudson Bay Company
Europa,,British,RN
Dover Castle,,British,EIC
Coventry,6th Rate,British,RN
Princes Royal Frederique,,Dutch,ADM
Woolwich,,British,RN
MAGDALENA,FRAGATA,Spanish,
Rotterdam,,Dutch,
Rhijn,,Dutch,
Magicienne,5th Rate,British,RN
King George III,,British,Hudson Bay Company
Stag,5th rate,British,RN
Castor,Fregat,Dutch,ADM
DESCONOCIDO-02,,Spanish,
Laurel,6th rate,British,RN
DESCONOCIDO-18,NAVO,Spanish,
Atalante,Brik,Dutch,ADM
Eliza,,Dutch,
Admiraal Jan Evertsen,,Dutch,ADM
LIndiscrette,,French,
LHeureux,,French,
Ruby,3rd rate,British,RN
Regulus,5th rate,British,RN
DESCONOCIDO-11,PAQUEBOTE,Spanish,
Cortgene,,Dutch,
Auguste,Fregat,Dutch,Particulier
Havick,Fregat,Dutch,MAR
Le Vicomte de Choiseuil,,French,
Asia,,British,EIC
Koning Willem II,,Dutch,
SANTA TERESA (ALIAS DRAGON),NAVO,Spanish,
Arundel,6th Rate,British,RN
Asia,,British,RN
Suriname,,Dutch,
Yarmouth,3rd Rate,British,RN
Le Oiseau,,French,
Zwaan,,Dutch,VOC
General Elliot,,British,EIC
Terpsichore,5th rate,British,RN
Na Sa DEL VALLE,PAQUEBOTE,Spanish,
Na Sa DE LOS DOLORES,FRAGATA,Spanish,
Warley,,British,EIC
Thames,,British,EIC
SANT JOSEPH,NAVO,Spanish,
Guernsey,4th Rate,British,RN
Jason,,British,RN
Earl Spencer,,British,EIC
Neerlands Indi,,Dutch,
Tartar,Frigate,British,RN
LA MOSCA,GOLETA,Spanish,
Pylades,sloop,British,RN
La Diana,Fragata correo,Spanish,
EL COLON,PAQUEBOTE,Spanish,
CORZO,FALUCHO,Spanish,
Le Paquebot,,French,
SANTA CASILDA Y SANTA EULALIA,PAQUEBOTES,Spanish,
Vrouwe Cornelia Hillegonda,,Dutch,VOC
Doctrina et Amicitia,,Dutch,MAR
Jupiter,4th rate,British,RN
Streatham,,British,EIC
LA DESCUBIERTA Y ATREVIDA,FRAGATA,Spanish,
PERPETUA,FRAGATA,Spanish,
Jacoba,,Dutch,
Havick,Fregat,British,RN
Pearl,5th Rate,British,RN
Inconnu-2,,French,
Goede Trouw,,Dutch,VOC
Magnanime,3rd Rate,British,RN
Oud Haarlem,,Dutch,VOC
Meermin,,Dutch,Marine
Eagle,3rd rate,British,RN
Levant,6th Rate,British,RN
JACINTA,MISTICO,Spanish,
Bristol,4th Rate,British,RN
Queen,,British,EIC
Le Zephir,,French,
India,,Dutch,
Komeet,Korvet,Dutch,MAR
ASTUTO,NAVIO,Spanish,
SAN PEDRO DE ALCANTARA,NAVO,Spanish,
DESCONOCIDO-28,NAVO,Spanish,
Drie Gebroeders,,Dutch,
Hippomenes,Korvet,Dutch,ADM
Le Triton,,French,
Lapwing,,British,RN
Lapwing,,British,EIC
Racehorse,special vessel,British,RN
Batavia,,Dutch,A. van Hoboken & zn. Te Rotterdam.
Star,brig/sloop,Dutch,VOC
Manilla,Sloop,British,RN
EL ACTIVO,PAQUEBOTE,Spanish,
PRINCIPE,Fragata correo,Spanish,
Rhoon en Pendrecht,,Dutch,
Maria Elisabeth,,Dutch,Marine
EL PIZARRO,Fragata Correo,Spanish,
Prinses Marianne,,Dutch,
Hermes,Sloop,British,RN
EL CARMEN (ALIAS EL SALVADOR),FRAGATA,Spanish,
Phoenix,,British,RN
Falcon,brig,British,RN
SAN JOSE EL PERUANO,NAVIO,Spanish,
Ceres,,Dutch,ADM
Meermin,,Dutch,MAR
Hercules,,Dutch,VOC
Gibraltar,3rd Rate,British,RN
Willem,,Dutch,
RL. CARLOS,NAVO,Spanish,
Chichester,Storeship,British,RN
Komeet,Korvet,Dutch,Marine
Hecla,Steamer,Dutch,Marine
Lansdown,,British,EIC
LA LIEBRE,FRAGATA,Spanish,
Kent,,British,RN
Kent,,British,EIC
Scipio,Fregat,Dutch,ADM
Sphinx,,British,RN
Prudent,3rd Rate,British,RN
Maarsen,Oorlogsschip,Dutch,ADM
EL LANZAROTE,PAQUEBOTE,Spanish,
Maas,Fregat,Dutch,ADM
Bellona,,Dutch,
Willem Barendsz,Bark,Dutch,
Pollux,,Dutch,VOC
Amazon,5th Rate,British,RN
Liverpool,6th Rate,British,RN
Adder,Schoener,Dutch,
SERIO,NAVO,Spanish,
SAN RAFAEL,FRAGATA,Spanish,
Arend,,Dutch,MAR
Javaan,,Dutch,MAR
Medea,6th Rate,British,RN
Gouverneur Generaal de Klerk,,Dutch,VOC
Piet Heijn,Fregat,Dutch,MER
LA PRINCESA,FRAGATA,Spanish,
El Gallego,Paquebot,Spanish,
Orangezaal,Fregat,Dutch,ADM
Inconnu-1,,French,
Drie Vrienden,,Dutch,
Soerabaya,,Dutch,
Wilhelmina,,Dutch,ADM
Mentor,,Dutch,
Elisabeth,,Dutch,
Monmouth,3rd Rate,British,RN
Estafette,Bark,Dutch,
Valentine,,British,EIC
SAN JOSEPH,DESCONOCIDO,Spanish,
Glatton,,British,EIC
Ambuscade,5th Rate,British,RN
Dunkirk,4th Rate,British,RN
Dordrecht,,Dutch,MAR
La Capriciense,Fragate,French,
Geertruida,Oorlogsschip,Dutch,MAR
Star,brig/sloop,British,RN
Raven,Sloop,British,RN
Nereide,5th rate,British,RN
SAN PIO,CORVETA,Spanish,
Zanggodin,,Dutch,MCC
El Real Carlos,Paquebot,Spanish,
Blandford,Frigate,British,RN
Grafton,3rd Rate,British,RN
Candia,,Dutch,VOC
Experiment,4th Rate,British,RN
Lively,6th Rate,British,RN
Iris,,Dutch,MAR
SAN PEDRO APOSTOL,NAVO,Spanish,
Arend,,Dutch,Marine
Superb,3rd rate,British,RN
Nautilus,Sloop,British,RN
DILIGENTE,NAVO,Spanish,
SAN LORENZO,NAVIO,Spanish,
Guardian,5th rate,British,RN
Vrouwe Anthonetta Coenrardina,,Dutch,VOC
Monarca,3rd Rate,British,RN
Royal Charlotte,,British,EIC
La Bergere,,French,
Glory,5th Rate,British,RN
LOiseau,5th rate,British,RN
Northumberland,,British,EIC
Wesel,Galjoot,Dutch,VOC
EL PINZON,PAQUEBOTE,Spanish,
Princess Amelia,3rd Rate,British,RN
Unknown-03,,Dutch,ADM
Inglis,,British,EIC
Shannon,5th Rate,British,RN
Van der Werff,Fregat,Dutch,MAR
Magdalena,,Dutch,
SAN FRANCISCO XAVIER,BERGANTIN,Spanish,
Shaftesbury,,British,EIC
Allarm,Fregat,Dutch,ADM
Zeeuw,,Dutch,Marine
DESCONOCIDO-23,DESCONOCIDA,Spanish,
Thisbe,,British,RN
Leviathan,3rd rate,British,RN
DESCONOCIDO-19,FRAGATA,Spanish,
Vrouwe Johanna Cores,Fregat,Dutch,MCC
